plain_text,cipher_text,algo,freq,block_freq,runs,longest_one,matrix_rank,spectral,template_non_overlap,template_overlap,universal,linear_complexity,serial,approx_entropy,cumsum_forward,cumsum_backward,random_excursions,random_excursion_variant
8b1c33ea34fe76ec9a6d9d098d247f029f8f7b248e90ba9e3a5808e51eb7983983100e541efa5f96158cdf6cfb81ffd7a001934f2b51b89e26b28b5716e27ae3f9aa0d376d18e1efc3f3193ee6fb3f3b0c23863cb8433c1907146d0c195af43abfc6dad422d5fb0c82200fa4b6c497be8b00ba461e167d75c7b1e82c483ced132e356aff027f978ae28eb494cf9cd20e66b47a7e44f3030e059939ea92ee77523e3c4ad5eb576f70961e6b24195ce7a6869c31ac4abfc4d62eb140f813a826737cd2da7875b7ee416e2fbf3fc17ec688bd601cd24fcd4a31b9368c088a0e8286646be13006c96566dd1cbdadbe21c61e840b10a72bb58dc8b3b26b21771e6c72ca79a8fa03d27ce71cb3f5d4a6f9d2ad132239ea76ea3966fb019961a9a6ece178240f5231f20928e716dc2b3c10e508057a256b97aa196c5adcbdeb3e5469a3a6f27d8e81dd2a08dd7ddd135a234c4f9bad39be5e7a9f136eb485bd4040f046cdde6b81e95126527460add8a73fe376558285c737fd6ce9b82aa294cc0edd676299ea9e720baa8374525909d010c816b7ee2e146d7541aea30dfe0b9aa3d8dc94ef30a44cb4e2f8aaa21aafe8fa2524f1c6b968c7d2894c4116af475561eca530f6c597a916082c94666c57ec2df65da5e712fae88662d6699dd1804fd97d2f2e35b5e9c07d647c3c0235c3e225f86291837cb9bdf011df2fdd080cc3ed855f,fe8d22792accd1d5bddcbfa4dd2cb030034911b48aedccd10d8430e4dd750cb59fabe0518ef01be45e6eefc6fbb25f2d35d82260278bd4c7649219490742cce9f920d12891adf7869a4256d39e65e2ecf3010f702cf5e61cc205ea428a52d592b21b4a4cecfd7001a401dc6a5c234b9e47104e0a30dad2b203b006fca323354df4a2795997f7284ae41a6abc79e2c86ff50810b8b16c1b7a97a67b53e66873d5d510a2591ecb4cf4d29a5aa3ac7bcef146c7b8fb4e9ca202cd68cdbab922f6cc79a1f9b1dfeaec18b842a4e3a30b724fe45441d97dc4ad25ef9c83b226c253ecb74f74d5844168d8afad125efd40ff997b4e0984ac2d2b494dfac8856063c96295417b04187d62535c7bba3f8dc368365983dfc64ddc479f6f7bea768b277e67706260eeac1f7b085364e8110efcea42e3f5cc5b62bfc8a963d275f29d0da8a3d3f611a6964168e85036e8c59814e06d68d7e181ba51b661a0bb1c4a96363e8233e45a614b18b136ee3fce3bc654e42e760506cedf5b91837ef1a3972dacd42132178b7ab5d87834dac142777879bee0a9fe7354c2314d6dcb41eac2a03a373bdf7cc1a45b16e91798382216a164fbf5d6860c4d6e53e203d5a1804c75a7f0c5a9d27def012f4eaf58494578c04798a820c0651617c25dc651e7fd435dcb246e843f7f73aad9efe3a591f8bc805f6a96ade360aacc05dfd15c5beaa54973211f,DES,0.9005235503397743,0.5011795398345076,0.6843784222155691,0.41394351382407857,0.4134686163384894,0.509529660595049,0.4130287374910993,0.7860169224471509,-1.0,0.9196596035746403,0.773030538391796,3.182351140672309e-06,0.8707495664700962,0.7604343455645042,0.0,0.0
73633d5191685ce170b9a38a34d7d04b246b679f0e8bae35a59bc72be1a571a4b1619f50c0eefdbe31bffaa1d9f96d64b68122ad7556e38f7a34595d5fa1bcf85f3f24227bce5f4a1df92a2d82ba9d91c9a5827f24dd418e27ee1423ee0f8fbd1a1bbd56f868839f4c450ca640764f7ffab8ef9038b7b142bdd6c2b32b4c7e8b112681f46a385fb06c7a4fd3bc745949a8fc4897d534457f1f9def7e1c7ad6f807e0de73ba8d42e5b1e305696841ed086f319750da040b816b06642627d98dd36fada751ad59c11ae199f741f70898c463112810ec8707e77f9e46995d361ca48392b8eb0e8ce9701503ab525e2bcede44e5772f48b8c78458b4630684d0bee5b5d6dc14bc3415b379bfe3532ddcc79de8893f6ca650298ce1c098c9e37b8de066a0f53649230765b5f888ed7d256a4623f910e2da15a829640948b2b1aa78975da677ea4c54e2274767ced5f8f506063a65a49fefb436541114b01c363c4ae5d9675dcc825ed78df84ba7817bf9ef4fac06dd4a55398bd3381ed41d2cd7ea5ab73de5bce3cfab6fd67ca2ca19d13e204c40fbb673398cef454f180196b378b0703b00a4700eb172af99245aff7c3ddfa48deb1c4947cc71b24570fa0082470b1c0fcb75e71cbb875a411b90ff443c4379dfdc81e153422b3ecacc35c13165246454411aa3d70b5f22f04018e8a39bda4cdfbfa0d51ca7265b17865542fdf189,e703845387f38bad06261117b3bf156252c05f4adb680dd7d5472a491809f82235ce2262b66ff27e48c15143df71de56fa96c70402d93e18e05d2e46fff53c4f6be81fc26d356132ff4ab3e602bec394e22ebcbb0375964985a4bb0d7b16822444d0888e7542d2a94db22b6eef2082a5026d6c9ddc8522356fcafd6f419b342d9695865b5c82feaab60bef09efabe55baf28564c8194ad26221fbd2f6a566d47a20b4146d4f45f8784a91551372a4546bef3f61f06dd42f384175702afd17f846503284031fe3aae2eca71b77364c535c9798f0f8ad123354b9a76c5718e3e2572bc9c1b8738e3c88da8ce687d332f743ca0f73410ad21c58e10c4e81138adb7c2519a12ee72bb4c7411b81ccd6826a6d6a1eb68de992444769a9662f1c0b5a72bb538fe244b1543552479bf35af68adc73d21db78eb27b4a94d9688c7505ea8f23af55aa638959b018fcb6db884a7b9d8e6e4a0c86aa85a39b36beaea9132af2e04397f71bd4c4597dd2175822fe2f3bc28241ca71d0495899ab25375fcdc0f1032b2309d44f6b645487185c5522a4d2045eb58a6c1df5343f46a72cefdfbdba0c187b3a2e0aaf0eb99f9ca5a796b69eeddcde620fb336683b549b95f3e4d7c9063658f26f416441ae88ede1cb5e777fc1c3daac9f8d5c21529dc905fd58278f5aef9194182ca836ed6eb27ca5622bc6a699969b79069b26b6182940dfd7bd7,DES,0.7076604666545525,0.8934512137003915,0.0036311244836304025,0.7356817659450183,0.2315992852437231,0.6057249255219533,0.645647759183443,0.370082361265592,-1.0,0.9196596035746403,0.019981759580295265,1.165944016915902e-06,0.9540751134097261,0.6435725542438673,0.0,0.0
5c1709e7c14a9d7c05655f68a01dd07310183f7c42d53db62a3319caf63812e58d06e6042ab91dab54896ea646d683d6c694d710e88859a5a80b11d30b3e05616ceaa44e933eb46639de2d17908f0773219f1ee3bf65e6dc5fed154b6f55523be6af5be1f256c079cdc40f779be46f4690862b6b956589942e1985b265a32e901897234a5856cef3e54b6ed77ae6def15ac55be5dbaf657598ee8fa9afe67912e965f27bd622e9dd385c455eb1df9298457cef2dc71849e134ff0e960d1f1101eb5df5c4d4ddf8bb2072bbebe9909243761cd0bf0fa5a6d0b147ed9c037c7c937c27b9ac40ab4f53bf812a3ac2ef4f7204b81dc7327d524b86c8f23d194f0e883ca98b5b2c76f027f5ed405010f5c3d1ad48552527e20c6dc97df039b8aee0dbff52be0a6d92459b155d901f5240da7d8c2877ae9dedc293385d5b59708cc88d8762e60efbe88c566de563e957c0fefabff12f1b2e7d4570a5c53ee89ff699e9bf2069c774b7ac7d141f804e41ad878a87df53983747cb94ad1b7f2f4c6274ef319f98d7d51fc595abb55098231c5d8a00003515d88b00c341f68d10d4b29538918aa3efd590a5b26ba3a775c8b64c4c41d769e5391672a48730a47c2f66a74575341a83692f12c7637c97b2e7c8596df2bb133c54dd77c1cad3d56079adcc433adf7bfd5636966573e5a032199a94b831bba0fefa220cd8f02206f61239882f,028234911274a8defa62599b6fb27cf8d7fc72ea091b9d42b898b0939f6a11c5be54186040befc8078527b828d2e1b805f371243711d8bdd1471426e4867df6fe136ebba932c0b5810cb077a1592f6eeb76cce784d9b8bf1621aac2b6cc515a9169c4e4deb8b0ff1f8171b31fef0d94fa85a32c78b2e3ef4869d30bec00cbd459907a55c97a0be045cefa9e1e145897c98ffdaec9713846a65b0d491413071d72a73433db62e819ee9e9226f47a70227501fc570c1bb99341ae2e0c836f72b5520cce4e1750b278371392ff3ea16c4d8ca028bb3be5b78acc65bf218050421e68fe9c2c62a6c5937371f274f5ddfedef5641a8e4d3b7eb6d1e9288b925bd530d3dc8ffae6a83883546fdb17d5cfdef3f8a01aabd6198ab49524313b30d26f7352795e04e75186369851e79799c8c7092fbf8ceb185f6310e83dcd4ab11b3faf61e4ab4fbd4ab6eb474296539b568af7da027f11891f4be64ce1fd93207dcaffb9f831f7ccd7ec448028980fb2f8827ae65a47c5f3379f16c275813b1e775ad94f736cacbf9385ac278b65b5cf90029baef05edbc0c3c93b2d4961c01446d9bf022d3c14d6bd58284c483004c965844c5cc61febfea33a2e85e5f98d21ea735417d76c6e3a068c0bfc3a4d5f05f0cbb5b807f40b12ad81b87980cd1a1b117deeadd03ba33af7797ce34b8b840fc54de1fc788bb4be0b222d4d971a617ad59a2c5,DES,0.33266993898423713,0.3423119379555625,0.21660006664479559,0.2748683025257133,0.05895571922601647,0.9314418534713054,0.6167115680924041,0.13182399357160862,-1.0,0.6766190340231859,0.7334940547301987,1.0094061671996146e-05,0.42224542634752366,0.31008521517629006,0.0,0.0
930113cb5ea11e2bd8127ceeb3122b7e47094fbb5a3b39ac074250aab911a695a355332e23fa477f063c019f02bf6a7e752a5623fb70cb885fae4be1894bb2591c51d578b9bbff730cdde436e5c8aed328b005284bb5182b63fb613981647ee2b4b0997079b3ed019da9fd1196f045f5fbd1a294149eff3000a65ddea8a345ec40d06e93527a48565665f3e5d8ee471c2150efd2db37d391e8f7a14eac745f28938d905aec06c54e2db278ddaa53d5833b4109d1f6f5b232905bc1fafdce8bf472c6206e9c3b1637211b4a9dd87910e1a6822b651cfdb014a723857c8250e8f9a2fe96173e3c055cefaba42085033ae5064e3c38e112dd4bd2ff34c5ab46309d24ba626380197b43b90f43ec9eb16cbbc4f0299613007c775ffa16db787097f1773e46e0aaeba065548e5f679f67e21071ff46e9c23c0cfccc4471cfd9fed8660defc83e368b63b77aa9f29e441a26346e340f86019d50b9153d3805ac50a9bb46674c46838babeb42b99eae2bb1b6dd5d9f2c4ff2a0bc1421a97551ed3607ae5ba3245f884699b15bb6932250412c8e5fe6983afec25ed19ba8f94858ad7015968d47fa6485421b44cdd15058ad7cd303c3e973f5ffadc901b0c1e25f96ef59146e7a0d7f7a8f368d7216ece5195333753213a431764ea810ef834c1308fce2419f862382d2d592703b4bd3b92f75fd317fe306bf1aa31e7b5cc5ec32c13119,e474fc77340a8d316794af77f914be0ab492cc2d13d831d96ac258a15984708be2ebf1688065b0fe1bb0422beaad3a5f896521eac6b260a4cd2a49166b5a2dfa2ec4c446d2c444ee606359ef789a5f5f7a7cc4ea23f5a98c584ca7b734dd9555e707fb6f60f7da72025eeb6afabb72b8db5c1635afd75587737f7bf71fb78d8561e824bfdf49591bd7f9d20631099c82d25a184131194bbe3c90881d8ac43c907e4f7d080c2e7ab1ba79a54b775b82eaf42f49bbf9ae2e77ce059063041643f460740d7ef4f0bb7d95e571523243744e9ec68420b3b899b6691d2e07ce969296b00e32829a58c174333ce93d8849888fe4379d7e75c5d6d3c5dcb2c9e717a26d8833b3500b22542f20147ea90ff1d38d47bb5dbf85b57b7a6c7730eaf8aba6a3d5fd2561f6c55550b566f293ca5f9aed3e988c7e8f610c07d082cdc172ea3fc7bc9fd10b3422407baa6216c6f07493a2c133b4266dc7f1170d13697ec2e41d19211b59cfe9b6c85922ca525c06d9aad5487c05406f84789b6e29e68ec58c243ca061c23c164e3c016faf6eba0d2a0a639e60525dcc244bc85aaa27ff6b6badddbf7736aef94ec6c375ee22fd478218c890ee201ecd18d15746f447373177c207c984acf77e9ce3ab1795b55dbf73a78144eea2be473725a01be4e16c2079bde3037e87a6be4983020d40fb1adf5410b7d195f5dd25cdb8044952129e39932dbe,DES,0.4165047865762179,0.05817827115747296,0.7467959856715258,0.8825710313892591,0.2315992852437231,0.28866819269347477,0.6239362604198556,0.3972765903954091,-1.0,0.8684202101078284,0.7536842462727454,1.2701310105735006e-07,0.5197017918317234,0.44536632700471945,0.0,0.0
544fe29f370495738dc5bdaa8753ceb16f05ebaba20715ee9bc8ee4ffc08e301b0496ac8619e4d418254c6aad08b2ec63b565c8fa22d9f017d39d755210b7e4806fd8190ccf5a088579369d1911f6db1dcecf9dc14afc02630f035e57b7c514af33272532dbe5fd4f3a1034992b1f41b5f02d478bfdb7042ec54505b1b2a7bd1fba5bd8c1874907a99e0f83c5d660c64d61604a0365e142d21b3c8189b1a50743ab035ff05837ed59b86d9390cf08956ec7c4370478b9caa1e3c8970938b66b989380d1b61288d271243b9372b855f2d6033e03ac057d37dbac27606fca57c2414bba9af9155e2d27944579d7eb83a0da883b578d7e955c97da9a06a483450590a124b3e9cd1e5ae98ab6b0accca8ffb560bd91d33b13160d8c4bab8edb72a550d4826801b370fa2fb30f7074c557eef44f603db1d4cf298bac390bec554ed94698e19a0ba6e20c8925f43539e9eea49bd7863ff3acca8bc6a7391740631f72f8e61bfde69f02189dacd39a55699be55dda329e67b8b65a4893f7821179587752601b752220f51d0759fbdb9bbea0ba3f91f195c5c8929c2251d2df9c2e0fb095d03fa9bc650b5db3e943aa5ec49da10d265537357fc001ef9d21320abe4c1d94c9aff584f1d48cd27da6fb31a67905e3523e3ce606f70973e88941ff623194f729ccc596f39b1fac56acb6879ecb550162e504f393f57a53eb5e0591b586dfe,d0c593bf2df07e6df3f265d560ac5b86184fe6a18cabf6b02b305e5b9cdf4d2b08171e8c984a02cfff2bcce462b2b2afe5fdd696f3b3b178aff8d11cb0b8844c7733bb647f9bf040ac51aaf5749caf0f0375fa095a600c7f44a90e105217956067857088c83773d3416e04b96f2192e8663b28ad07cd2f3ed619f6753c9d69369931c43578248a5ed5b11aee65061626bb3c60a529515141fc0fe6dd6e3d03c8af9812cfe933d2319a9df51179feece4a37221e566bf3eb4c067b1b8578627ec5d724fdda030ec5422058b1050d33039ee1dabfea5cf60b8110ef9d1cfffd3a3226944cea379b63c674b1cd8a0f9e18b6d53c7e970e19fdac2436593be1156f85e92bc9cd35454e254bb5a61ef3de1ddd1a752d57d0337c90f8df078ad686747478c382df6a9b0b0647092df91cbbcb73d6457c574078deffede5f12f773b8fe3ba27a3ca307f28ff9342b34994d260fa2d399811598ddb03ce8d7beb2c32ee463e541d0958ad8e767db7be6a7e98e2a5171c059c5c8305af054b3e8a92f2b1e51282c9ae02a3a0c1c2dd46670c99d0803e4550a0d07d988e54c31a9c8bd341948a5cdfc461d454f16d5a34636326bc53522165059621c28723344cb55dda5ca35123a507e97ecc7ba552c632f9360dbce119685da864e5d32f8bebda3d11db9a0141497b84d1ca1f8898cea1f6767a0bc508f10c7e6c34c358c6669639463c3,DES,0.6845589193679018,0.09006213845224917,0.6864425104002542,0.37395036665340287,0.6834250391587453,0.9542632583264072,0.7562798180118047,0.0467211830276296,-1.0,0.8684202101078284,0.6453372179692912,2.8265087088772525e-05,0.1890968897780661,0.41100167970171414,0.0,35.0
56cad3dd8e58b38fbd15083fe952f2913202884c77e0706c9b2e4a118c370a960614595e977415636b237968d81e6fb575a3e331b88380dd345cddad807c8e60c470fff444a25377735b64ff8bdf6013174c7f9bcf404d2a3c72f48d2680cd30f2e4f266ea1507c09bfaa5b03c3665b964bddec28581a0980b6de2684177cebf2bb59b5e10da0da0b66c78bfb6244e3cf456a6bbc92be5d2f93c39ac0ca0f907d7c94554afda13091d3e69ce9a3ec73788ab6a819d2b3c942325e6890de4fd2c0122484988a74a980b1556c7ecef36c54b9f47410e777943e40e2a0cf3f462a23186dfebe75f833da57dcea6cdb693adf4c8ec1ba8a303e9e9246ebf7f7d3cb2dad242bf0c361a4451e0791f6e81f5528d4fb27742c52818e380262866d44299ae12f5635a18d1f509ab24b37a41d9c220ce62bc4f68947a3b2af73fc539fd22fe879025c0922dcd455ed88b0b009b683751c3d7f55974870e688efc838230eb43c79b85648e13444d2ee8fe366a4961ff8cbda3a89c4177db3a74ad001372d1dadb0d446692bbb9e3020141150a89b76b5bb14e4d32501146dfeee6e18a29a98e83084f4a95875d8d09469e8eca4fa57524da9fc3994d405b68e8450e0d1ff6356749f1b4ad86e54597e99d1034c2dc69aea17dcde723409c42d9bf62e34cb0aadc57a3711d829711acf22f027717b4d6d0a7b99acf0d213cda519bd14c9eef,692073f2dc640f2abfe5dd6a5b091bb78e9b106b52057c66375b55412e37a049862f6e86ecb38141e9c51f86a370abbccb62568e2f3b3767c6ea8d58cbbdd03a490039be990a5207f9ccb17bf1ae32468efe05dd54e8763363eaf8fc74d8f3b689332fcc61a7ac64159179ef65f3fd3dda2592b4b644eb3dff4981c678a5a06d675d22116f0626e82aec551ea94a85eff5eab12387bede4c99778b92a577936b4845aba7e2cd9bfa355f2e7647338d12da8c5fb05359687d49dbc6f9edbb5268c8a53040f423b5320831aba2a2666e301b61f1122dc757d90a66859d61b47f94719c9ef513b8a79808d6907630095bc69329563b812eaf8e84df868dfae1e9d58aa64031bdb90414d89831d77b535614c2295e242b83c9b1ee4678444c9ddbbfc65e7a668c93591fc2eb37df2d267e211a3930bac129b78d92a172fab2be37d5edb43296a38c9919d07c0448a39db76b4ee24f7c11a22a270f9495c4f993d97b5644dbba2495a0a82661b519e34ece80d4afa357ea0fb159d66fa961eb01cff5e04240308880b7d5a847bd20301a15e3c0e9ac211602563227058b661443c4d0d0ce68896504f93537cd90cfc8cff0b985cb293d8c82897896598dc775e955dbd3d7a4f2d6d00477248dcedff6149b8f5dfd7e1135863d0edba82c4a5f1e2baeec74304baad3ee8c6f55b9d946953f5a902bb54fb83cd7b0e0b69ae7156652eb,Blowfish,0.5116632826958678,0.10563042716628782,0.0789324941234459,0.5583673181056739,0.4134686163384894,0.7092968804172453,0.9338494076101064,0.6937223470222912,-1.0,0.8394557973691203,0.3764378910680355,4.6804084651735115e-09,0.3999694013221752,0.7749360055046364,0.0,0.0
178f1b12205605e130019571108b761a6ef6a515bce739c7a6c138f74661a037a60fa339647be7ce129cd4533b1b109280e5f68e6e19cc9297c7fde6f46cb3a196267be047eaa496a1bb5ed60c40577f595ef32e67bcb9b65a37a2919a18513c3de9e0c48a69c43ec65f2e83ccd5b15047585730aa0602cc001063236a2060bd5e4a66c61694420f90df742f803065e7eace5028ab97055e2c3ed80aa86a01a3ebb09ba46d0f723b3fae8205a68f3bd661769e1e1bd00f6cb96b42b58354aa1a2eaa5424187d34cb319010a34ee1134b4e7a12ca01512f7bd348a36fef88e8514fe4f38108b5a82cd0bb767de6e64c56e06a3b6002b4092109d36fee60059e5f16fe1392d6a32b1240a8fe7735363e7b9aae3f3265c00a5997f1f80fe80925b406e3de2017902dd6f1b58755d145694279bf5b27a70a5a080b043f4bf518ee3322aa1259a46e8120f659988c60be8a3f6c590b421d7e23be4bbe1cfa5dc397d48390375b599f9d0a96fa1c3f71098c6455b3a9960936e17dc2dae8acad2347be212f5c242ad9fc5ca5c4f9d842474b167f869b097c2aa72424d2806d52de7ac13f52150e5132c90736c18ed155e87f784c8d7bfc60e5c8ebc8268070172735fa261ea9c6d086be3f3c34ba52697b32932d33e5a100131b219c442f0b14da27bbb6b58a811756fb8febc1ca6ae54b13daa1b14cb8eac8aa8441c3636f554ac1d6,86a6ec87edcf24bafe10c1a34d02ceca539599dbd67b6de512d9f2c201e66b6e381447619caaf8ce5ae50c921c43605c43b6459d0dd1d7b75251d03eb83391ffbf534442661d6ed3bce7fc94b57d34bd2d920f7443c412014eb104e50c068487aac91463c89100e48c0a71bfc4b32b53a0dfe0ad9fbe48d8300f1e3f1c8069ea8f5662235ead833cde37d3b3c3d52e2436f8b379fd3c7c575b20da6ef53ac514fd781c1c67ef7fe2c6849e46869581b464877c9ac4e8de25a06b47196f0eeb75b0782be7b9868da8d0ffeda2dbfeca2a6a27d488edcc9842d4657a9992773d3ff1d9b1f3d8b87ae7a76696535c669a3780829d6ce5c6a4804600e154107da50b8e670d48a1477e1846b6db5e2626b333cfa3f91f878490a435b51e97ac1367d252944de903df2bca5d9fb0be38b3dda0156a20d04a1e886492439ef5bee35ba1a33c9b3410992cf99461015ed121fef6e3f13b92ce41f80229b779c03ad5344ebed8fba36d06a7a53ae085a2440e3d58e50fcc652a370c481ec7010f6cede553c31aefcc307b9131574dbbf93d0a9bdf43c3b13097f4989541b27dea3f82df3305cd8b0bede573f19d4f9db79540b7c358bca3d79091caf9fc76eb54b8916f7f717f1d444dea22900bbf6af07e29458728d7e568ac35fe92a3c1cfacaf7d0bdcc084a664c6a66690026f3031d8d094ed9f44220745b7826c2943b056d1aa8929,Blowfish,0.6617487760817584,0.045222682162234504,0.3341420616666826,0.8755344902949511,0.550427535974325,0.3439752474662666,0.06714106989394347,0.6050867148070971,-1.0,0.9411624432366645,0.28628133612566514,3.138020757276873e-05,0.5460624059279423,0.6725677134396493,0.0,0.0
0422c70668a373596bf2925acea538b4a960ba283e5b512e2d818b8f5b94922da0158a92c24839c391b27683cfb738ca3949d45ff808fb135a9ddd7393fff80ca7b3e60dfe8af1d663688c718133e48c3f25da554ec87912271d7e6a535c89a9693ab122cf3d81243a8dd16876ee9ff89949756554d8869492bd4ffc83892e6cb3d15d4dc7de70f40bb000b1630f3b86f2977aec99af3227ca5c41c48a0b586fc8fc39cc9688627ca40e2cdd43027cf1d21bfc827e2d00f328746b70ca85254de9727975a644d43d80ba122d594f62b75bac5145f89b31ce73c79594ef72b1a54f519c229901c1d6d766941d2e65375f22579731defcd34a88742e1ee95df7cf2854e9b117600ae893ba7670315a4f096e327dee595e8f56828bab03656f71ec1b933e6ba10e32d73ec3e259bce8dd8f0f4c2f8a8422ae2a243fb8c820b00a6bcd5d714e53c06b9bbef6cd042191cff61a174370bf4aee382abde7e2435395df71600ea2795594a380c44db518fa2e35ef16aafbc25c19c24a490c5d80602c9a2745c77e83d0173d1a30cfafea48ab9baaa30e759586d91a7e75cac5855158c740345992cb4b69d33ff9740516bd1f8b785b50b17457e3f9a3aa141c1b45a31eb5a0d6d8e3e1298b6fa133b52ac15738984f0f8ac1c29ae90a075a559eec407f0a865faade2b750efe5a77d318374944f1623e5cc55b4d8d4be86767ef7392c6,5db8969d5e854d6b29b764c4131861fe2f25bc4f323fcffa01b5156aec00a1693eff85e087a722094220c85c7b84fcdaaed17d1ac0a462757bd450d12c3c3fd154f7b9c96a22d3071cd6c2c1a9429696c7fc28bcec7c7d10b2a7e7c87e2dc4ae8370e994f0a39b2ee1b7c49a50cbf50596e38781d462f98a79e8efa361fdb9893e44d1639c999e0ee36cbebba8817bf8a78a97d26301523da4cb1d874428ef06a046aef4c25d85d0dfaf12a749b229b83d824b18fbf03c8ff8a3fe44665e45e05838e3419a61c2c01f18d7596d8e6771d9764ca22f2d2a8accdaca2a23b72485c3141280cddf7122f351fe6e6702d46d5e56e8124d7e2bc1408e858780783a7fd1139df3881072ace639f23b0e2976b8c5614b23d305c7077b8857a84662599dea306c4b3a19f261d05cff7ba20f5e0ffa467f15c49121a836adedbf60be65e5363b2e5acc0057d2357e1a012ae6cfcb625f54b1e840043c0d51a33bb7d64767941a3af6e18f251c6dacffc333a15d64f399259d7599a993beae46d5a0d59b640e388168197d70642315c75ea86d697b5604976422370cc5adecaa9aec4c6df89a27d283823c0604319d43d5168996c4cc0b3146f7029c6e32d7cd5d08cb1e3d02bbf72ea6eb35ecd5d0031ea9a7e54323c80c6a95485814d58444b0f1256e982eefce06a413d83a711d46cd66f5409a14eb455bd50ca1d9fe228afedaf1d578,Blowfish,0.5116632826958678,0.956973387520868,0.7836621838010246,0.9876666803907672,0.2315992852437231,0.4387663505119562,0.2416116559923912,5.429176546415446e-05,-1.0,0.5761982146744382,0.7125061145509483,1.553652109457964e-06,0.7311919422367565,0.6008948225808148,0.0,0.0
f344e38455d5f2ffe57a8031da8f931fff77fec10f1d89053a9189351043fd8d0ff52507db59892d63ac9d8c71fd412b5585a627c664f19f80b31d321867012bff0de7d6e54477083d230340655fb770cadcec13a24b3b53a4b3e3e86d801b31200b129a55cb218c6ab20f08f86f40319d3be17b876ad9e0772a606f9005291411dcfddf71c200ca9055698e7a2fa328dd011475caf4e57880491681ba2504f0163c375a94fd7d7b32b8926595581ab906e07497344c1d04bee400cfbf55bdce361f2f1dae3928eacaa7f168e52bc75e84fa78441cd567ea0a5a11096890a19dd2824bc126e69668a9b7e5268741beaa58e6cd2e9b1caa02c4bab2613a38f46d162375c2321a88ea75274f9934510840d6ac79edb50ffcb3326e164aa4d1158a788cfab88ad87f15763588537e9da35c5429da5c41dc8d2c7975e886712a743d592a4adb9aeba86bc4753b70d8be4fb43a746c529120b3fc9a960f013b954840a9acf30fbc0e578478b6443fb7a8de5306a53e006b59a36c408ad99841a1a07d6687c69128bc6294b79d959dde34b24cb8841c9cfeaf76d52e79988bc2a0698d82dff432531c34f4ea3c3b25c550a16d50815230b3197a8fc6e96e1e1f3bec771fdb32fbf78ad4f688095a0c18f6c1774a8f7fbae312f6fe5942006b90b51e422df692f40233052577463278574fc7ed488023145fea93a8923e95f12d0e4735,28c1ad3462c1fe387cf316130b8bd99c0b38c362fd730287ddb8d5aa151e988f754868e21b08b1b7b291b62f96a718d5a67e436f7449b840f7d8b071cc7b10debbdeb37e5713bea1124eec1728dbe2731d6894bfa888efa1e55f1a16023681accdb4fe05ea73e2e385a3eb7ffecf34d223cb300b4cfcb74140bc83fe8bf74389f4e38ea58c2d57e446e8a62c19788184715268a2fd8f1e378c4fa56b53e47c26bc066e06a58985db450606180f124b174b91dcfc17200c56b33a7b4a7a8c7b36f2871984541dffa6dec86deccc94192e2e9345141b0b2f2a0dca3286b2e142d1e5b82c1836564cd0bddee967ff3547ae3ca8da5af300c595bee864b720c5da01e3e91e9e5763664cf986c7f8beeccf4d0653edae62856594f1eb745ad42c0062935ceb5c2b12ceb46790918a79470bbc6455f11ec590ac310dea9bc89fa36ec6416071c4020ae542f45f69810db77baefdf5492d6785fab4698c9347212006495d406a20f94077f41390b677eda4f004acc13f7f4d42a3f65eedf2f9e521be9c70b9d7f9d1ab99f38d2d70987964379fc43820568c8b8de75d3719d40ad2ed00eb62bd942ce4b61315c4997e79679c32d7afbea65a8a56365dd7af171ba46211f76a5e75b75cf44df56302636c33b18318221872df906343b2b4d3bc20da87f68e6a4515006ece62cccb999a339c618254309b53e109c8a216bccd6e6b345fe9,Blowfish,0.9253077508893466,0.2757333370710171,0.617171023105612,0.3650712767176088,0.550427535974325,0.8185458083820536,0.616711568092404,0.19351587329208803,-1.0,0.7439132831768637,0.009062171693908456,3.414644898757856e-07,0.9540751134097261,0.9877065699653769,0.0,0.0
41e6f733f01c3c783ad3532cdfca8bf793fdd39833d6dee1b70ee9eda57ec535c476e61e00bbbd643ca535e497b950891da55418693c155a16412e8a598115f666300479b9c523c2ebe100f2459ad1d776f6f3644ad89f0cabdea8f7a4220137c0c9f5c3452403453558b83b0e13ae62d151b2ba24e0e8bd957d3226a9284fe7ae349329c661fc897fec821b2e94f781e30d19c604ce42c7e7ba1b914b2b44c3f93e3880b576489848410d6d5c3c5ca6a1e4386ba9e13bad88d92220bc7335a68e2f1507b04ad9a7635e8dbb34c0e088811921a2198a81eb491756e81895442843e80882e658180ac6bd08496157efa4391f1530874c6e5e7d4cbded7d6e69fe442fe0c75f2475974171b83945df4aca26004fbf77ce8934d39152e9744d5f5fa89519124c2c9868a26b0fcdacfe65beebafec3d25f79931332594ceaabc5babb26f4674466a34cf64c7c5244473c34e82ee83bdd2ad72f111add5557df7ba1deeba98a1578fd60ee6f2b132ee142b2de4a455c591aba05992bbd715f6ab792129845f143b5ba24c08a8a6e2cc082a06757a624dc9a380b9ff46506bc4496540505d88e69ee6b19cc2bfa38b01667cc62a39fd630ca99070584dd4bf525292138b142fe3cca62b673ee7333b6e28416ae387a63261a4766d31cc10fa1853847a5a52f659a96e796339a1c0829192561f00b71647b5ad8caea91dfb9da2a66ea2,eb2871088b50c34b3fe8f0a4b643ba67a5b73503bb7b53d5cce7a9b81d5e0760588ffc518106d54ecc4f1506ebb30235661253314089ddc37ee0772a687aa96c8d25a2745882b8fe4f86388a20b5be7f4275ca679abdddc0c7c4112c67c95fba99b8c9eb9afc7bff94a9737fb6228b20c9e0b28ca2a53cc88060b0641906bfa310c92152b5e46421ad201fc0e55c61db722d9dadcadf5bbebaef416ca9760159e8d7e2f39743da252dad2ec51537f918125aa5c4b549e051d5f2ac5614a1f7e870b9c2f0ad62e1f32632cf1fe7d91fb6d85be07c657e235a5a24c32d8204eb86c373b6aa592b22e772cb745545b1d2a1050e3565b02dc4a33572def5211bb5cd56ee98d649629386187d0b9295184bd50debea1fc08f49e6087bc1a609e24cfe0b99e59bb8c42dbd2eba5e88c8f2aee02e4b4141596ebcd8e1a231530b9438fae452e3da5a3a53276bc73d98332341b9ef651140c4daa6cec5ac6cf14bcf54f51e7664daf322c573198a0cf824244f545b47b620d72e0ff11b9882fd182e2db02c5df03a84d58f419e494391bb5b318cd72f30e6849af1009deac290b83098084d399c9418e688727a8837ae07d1e03de10113498e5e832a3082dcdb94bac93cf7ebc3446ecfc66255239a232fcfb2fa339821555a447f99eedd4eb4a5227013da3528f16c5ac232a4cf7a386be46aa9d12c0f84f4afe1ad23837402351a4120,Blowfish,0.2475789135033888,0.6080349544979217,0.1822613350686938,0.18222804339731447,0.12099432798962938,0.6057249255219533,0.7493404783420096,0.7008780286108214,-1.0,0.4814054600228299,0.010686802453611175,4.715678741549053e-12,0.49411207027733645,0.24377983388489405,0.0,0.0
f8049a04b0a2d4e188a6460c0d36515f626b3458422c83fb2b8868db5c03066b4efb1ebdbd21c37b84641d24e487980baa6a7f3462e35dbb66f8ef7c287f6810fdb88980f8e714036e577d1ff13ce2913e36cd8001f188f99ac9c24a8933d66cc76095a142663cbfc7213d7172876e8688f4a13d9d30f54518b0a08ce87a8a2e9ae8052c7ccdb6cbbf81ff4209b311af26096fe4e8f339b943a09551a4f1860be2e2fe3ac565268ad75547c38dbdf270b36d5eb1ca8f3fc3902add4f4fe7af7e82abf6c74cfe4bc87377d8fbc16f38b9e7453b2715b78ed0651a297559b622d06c1532d08f3fc59ed2039256c457eac2cdc73805dfa2598b2230017d2bca16d3e1e014a4b5c88501f191ec06540c26364c64df008d3a944ee30eeb8e99eb31dcf89654a91cd91e275176b16b77669d93e1d2e886973cce3d4d141622704574a0bb7a6cb6d112075a68e6e37a32faaabded0cc3371bdf4365fadc78e4802e66c98777621b8e4cf0e21bc866f8c5ac41c66cfc9f3cbfd1c6851c63811144e6f3b63ee7c2b8ed3ccb7552688be0bbbe0de26d1bcbe180637b027dccd2214b326a6d2b63d815736cd291470ca61df0c80c9fc67475561e64541821d72da6b22b6a85e32118a311f676cfc1534908c2a69d357a95dd724afb903cb99505ac8a2d0a13c82722d88a771ada26ea00e53ce7b001803b15711fe994ec2f257b695ed85dd6,415339d47c9c2ac21033715a0fb288461d60ec7fd50f71f36ba18ccf14198ea5cafde7461cded037475487e605b6651870199b7bd30053c5c643db3dc5495e2c45e028f0395771bf73a9e31c9df8778e45bc47cb92cefe82f3fe7ad20171d2d3a311ea8bbdf375da2a7e5f9ef1db1c874fac0796fa8656920fdb8f5adf9d93b464bceac1ba3ca51e1aba55f2d39f8fcad46e50125d339bf01ed5a48b716d8b7ffe970f1f07cd0bfac86912b16c267341221c8e253dd3ac793e79850c92d333fbe92dab46ced2c9ec4e455a66d8535933252996d7ac3f5e730b1f396a60e1f0e30f0411d9e12989f0ef2ea68d343c00c1cdab0bc9a8d450c7ccb06c360aa7e662b959cb509aa412aeb4ba0c7c662d41add342c317300990fe6d7861ceae87b9d40bce05d63f75bd99cd5e135212fb98e78da1fd9dcb32b7f3ce893a7796fef93d5e97be6f4b88b3f5f3f3cc4560974d87ab7a51c2f06d2d601c70922ab8dca1ec8432d7c51e8830774ab8099863789711db39158ebd8619cfcf9b90737aa8e432c0370ba0b5bef429c82b47444acdc704b644f5853769fb1cf652da78657dc68c67f0b4d2e254ee4a11d7dee4d282fc4cad355b81b33b07c9f6c0e007a891a95287f0d1422e715c6e32b95a067c3c94500d07f4e632be39f6eade619ddb15bc1fdf2cc8429e3f7fc6c2530fcb479ab099f419cb93cd4811884b6a9c7b567a1f77,RC4,0.09150724992348225,0.2990892039901344,0.30833894939382755,0.19709008673230335,0.550427535974325,0.01161689143415879,0.9787671339761626,0.7473139042481385,-1.0,0.5121188105403964,0.4246497154316982,2.410618661961828e-05,0.14974305536385565,0.08445927906494387,0.0,0.0
69a355a712c9927b4d9062fafdac9539a39ec95ac9de5c61ddcedc13509372ae48990f44cf0a9f9d26db4f79910edd78762b80afb02557306ebb8dc916200c9d9259383791f0908a0f1868edc01cb4ab88094a1fe3e66bdf01e4a02e26a0fffae51ec0f337d1fefc8d14d0ae52f3aff9de0b427a6ea9f861263b4aa6383d2603e706186bc8af12f216a7dd1926095affe5d26c64a6c04cdedfc69d12b4df0490890ba3cc9930690dee4066c27a76f3aa689e73d364b6b0d7c5afbc4b952141d653d04a6038c432d4acd4fad556c820707053e8fb07aea1a192d9596599a01d1ba92e4d82c7a83401175f0baf468bdf11c042604f1ec4f01d3a6ba7790ade320040dad323bf926ef411882179d13a83ef360a9dac4052d79548657638cca16f28431863075dae9391006575389dec5eee66a154a424ac30fe5c37edefc8cbbd455eabe5b6ccbcc9d4d8aa41933181056f94bf1d3b4eef62fe445f6c243b74b06a93de01348c5579d601e7e4c8855fe69be0aefefc4028a21dc734c45f9d0db7a144be2b72eee0a60b99e31ade4afc72ff562f905965191b5f305e508d761764a74a0ffe40177fc5d713a3ab6d4970d41cfc10ee037e0f1e1d8bf0e61fb1024c6b02458eae90d0451a00c6736a121a0c1617f7888038f9becf0ca4b071487225aacdb8e2ea3170d91595c764d7bdc48914c8ddd361dbb33faf01ef87e085a33755,25876e14db48ac0f240519f7e40cd9fdf0a55f100bb26aa89d6bd732c597d9bc775ff946133ac62c10c08fb7b51b23f0d07e67637962f0230b312efd598f94f02ad616131f236046fba08d096329da2b2f3f52060a87a9806cc9e169579d36b049dc29a1ffc03da195587abaef002520dc055473abb3c84e7c3e9210e964659365f5ad814f7d6fd763e7e3948e4e480c8ce174b23a3447a0717897c227a269fac9c6cb4a227f47c6b1bac0ebae2c960128e0e55c1b08c758da9511af5a53d9d9ba824ca685878cf6f6ac3ea532d17a7af38b6debf3c0ac58339471137cefa02ed712c9494f0536c99a05777dbf7a632f3872c2f1d9dc8136a918e881d9864f4008ed24a8a5e0ed6e2fa4e13b2f70de5234caf7038740a331d63e4d5490f3e0d7530dbe574c18ed5ae0fce30d3da03a6b81184560da92679248cfb0e9c11d6cf8d44802c1430fae31f0c3ab2fe39100b4d109f8c62c61718e2153618b226fa3701e67745ecb98f3273280175fa110a491f9100f8279be9dec0eeafd53895ad8c7913deb0370b06b7386373940a242c3a60d0de32d428f55bd58f8631ef89b638c923b3349cb3e6da76998e31e1b0c956124b3a188e14f0e5f47c0305c8b53486c1171b194f7b39f25be265355852623684faf793df72b213e510a866f9c745d8401bf6e869a32122f6d953c48cff3d12d7099d85fad8c9661f040a67965cc2df5,RC4,0.22293909416774105,0.9764063889195141,0.2703786114760174,0.4330047108303837,0.2315992852437231,0.8185458083820536,0.048247924019547674,0.7008780286108214,-1.0,0.4517092484347184,0.2654644231089228,6.196147713282195e-06,0.3011196618745218,0.2923520150590805,0.0,0.0
3b97cf6ec7cd9177ea8d764b35565721d9c26059a2e3560b0f34069e1c309394e7ccc824ca14bd135634fe396a2257b0b01952983f084686161d9d64f12a0807ae3eb75ca7325f028a4e040d621d1ee09e19d174a9a6bb8ed721d349b6f95fe5167d72787dabfadbb4025656966c082089df91ed6f1916e5d96811796a5b998eeb9e49fb32d3538dfa5984dc3c234681d8f3dd309b21154f2729d2b49abb1d97023a879fdf8885c4ca74d5e12cc1d4fde7a0c7986561e462012c4d4a1599f18d728f40beef031d821b06fc171b1409b796e61fc5ec04b455ecb6587f76795f69294ad77f7ea25fd8014239deb13ed60eba20b5b97130a01962e0d1c80a265c78334e65d4bf3fdb59908ad6843446a7005e6a683705001e216f9d78406f8d5bf8e25cabc5a2a1516c9cd85d33330eaf46534835be1a24a05accc4ec9568d1ecd1f59d153231a183948de3ed7446cc68633f94e0bc4315d87c0eb34049b0e556c9787480cd462c7462b5e8bebfd544eaa6c0ee8f6a8d79d9ace612d0f4404b0010293c7e120c1d1ae3627fe4688dd4ddc265f67a4f2c561ad95d87dea89bf1e46f2166ffc31a4a6da29f3286a363137eb7d86ad0e37508f90dec8a40ee7883d3d5093cdd60208677855829e04d4a25a19c34a2244e2677341a1fd9f15acf680ae4e417d1cf4b359ed09fdf3345ddb4d358b5da9996dcd32dd3acd98ad65fabc0c2,6b093dcc8b3d7c9775c079bf1d0f00fedc131a52ed3f27e390ccdfff659464963b3fb85aa71ec9a95fcc4e79fb4a3b53d1a9bc2008723b6f97bf4b2a4b376a64dc1ac0280c87bbb9a035e5f46c8eb3a4cc9b90338efda34e5ea63db4ff3fc29052d3a9e437e11132a072b9327bd462f9f73d4e1eeea2099383aad5844ccaf0c730611a96bf77f5ce77aad332c848ad22d8d0abd5646e7ccb2880391f8930905ad2c19cb466c74ebe204274f377ae16f0d2972a3368b53e01556fbd98e8ba70b22608527e8d5b80fd0ebaa448d6c3ed8940c5b8c7d72dde881aec4a040d9799115a9c3d0c7593b19c167a8ae6a15d0574a72c16f09585a3309c2395c4ee8e13a3c6c67731d3be520d6e86b5cd86fc7ad5180348ed1faf9c9d3f77d4f7bff3b5ebd88a27649e7b4b020183810b0036d2428e9ebe593e1f79b51c122158a597712b89320436b6ed81bbe5acf1c575d40b2f9edfd233b591bc9184ca7f51611ab57537273c0ca47e27ff8fb7b0d002c7a7d63c69aa2359c4a4e505c05b4c396154faa7aa2e44d1f3edbb68d9cc3d78e920bf74c0f3bb4558aaa1f5dc75e6fb6605ab3e6af8b8cf03089e5eca11b9a13b7bab4126d02398cd3c0ace7f170b62fae9b11adaeaaedc4cbdc35352704fd26bb49b6a5b5044758328840b69560049019fb3573cf5291af56fd733b708e4fcd591b5ec730fad437e2aaee6b6c8d3fe144752,RC4,0.18935148604328533,0.12130722771962386,0.3505313551306609,0.8638122460579474,0.6834250391587453,0.35879535788693484,0.4008500342896931,0.19351587329208803,-1.0,0.9196596035746403,0.1304379772111733,0.0005432771141701787,0.31008521517629006,0.3381887424663558,0.0,35.0
f70eddd6e5f4a899791823ef2d89daa3dcb9c9a8ecbb31b09296873aee98dbe9e7c3e1cf98bde6da37883e12c70fa09c3cf56738e562c9a75385be60fee68f0265d7e6696923c2c06767bbd6ee5cff13c8d3fba3584396a6d9c3690e5408587f476548de22b6dfd4fc43751de5dd8a2b07c07a2aa3a256c2134b89842c07f374ae4ef649c4ee0459d576badcfc244000d9c85ec5cbc1f9055d08c21c2d1d5706328b17f3eae7e25f9ce7d54d191ae3521bb64e7f04f15378559a9a66334ffb9910dc0d7adcc34cb86bda0283aa622fb5da29a0cf478d56a3d343b11fc54a34925a9c7433d9656680fc508e80f8218e4fa6741bca8b4f61e2c56c370deb2723db7ae7ed11bdc72aede3e3f9ff5c5e9176a6bdb89551e3d382fe41c469f06b0bb6817740701ebadd13658a8cec4976bbf2a40c46d8912f9431c9e9f0c09fd35ad14b96af65d0af6801f7e3af9da1be46976b523a598866e70cfd04b0c4fac556ef4abe634496ef173af20c94d3c17468234ea08120ef45f92f0a1c33a2e015b78c5fabef7d0caae19ee0fa291a1d9cac1c9cbe830445318114c97c26e96119a9ab5991111d5696181d1451606adb399e13cae949d0197b1d1bdd9d4789c282248b671e695d551bbd201ea29ae41dce372b578b786f6fb3e77ae3b5cba3309d175d7bbab7f1a516be7947d0ae409a67f7809b019731dd9ae333c0d8e1a5221a4649,a18189ed537aece37582d5e9578d120c8faafb6e4f2740e7f6dc13a1d630819e5fef1625bdb293676c4b6b6f9b9d0ffc805b6ead8c6271554eb0142cb497265260b306c3dc200b04d8c03c8d8aa59ca292aaf4abd39aa2650d0a18d4638e8853e31c1a370598589fcce7c3c2cdb4d2be73f59359c990c8d01365e72c1f05076ab9f181e2fec125993da1dd8b9d367985a760805cc6a75d56d3cb5571dcee44fb04969c50e5f8cadef51ca6b2bd269d8525f1351a5806cf9b5f0167f2cfae131937fe23b25cae4ce7cdc195ec74da82fc6dde52345b33ba27fa9aa86c49d1c31812cf459e530eee07b9134cedb041b90efd812147c78c904db16f6a49d69f1cd026bf4417fec023cf449a2034f4be11b2a6dbcd1295b047241a42dbb9499423ec5b4a800596144772626675895b4834a9b1c13f43ed96263e7e820daf54410b7af9f446bc8b06ffd2e1e32b2272ece4604deeeac8e367592c3e80329095ba6fe9467b974efeff248b84c2a56b332c51cc339f649673acde6febe23b87d1e281d5b237f53c26e085de8996c4b6efee2577f4231bc351e9037d5b7fba91a8d42f193fa4cd47f9d1effe50bade587babd932414b1a3972fc0893a3064ebc29526322c8c62f859358223f42ce02e5eea395ca04b7e128dbf74c1d70c417a3b8661012e5fd2c9410f4c591a9943b3ad8eefc8d00fbde4f25734a7c3c89188bed4b7d72,RC4,0.6617487760817584,0.32225980587194186,0.9477808560114043,0.8949617755945787,0.2315992852437231,0.2758344165194653,0.7353421818255677,0.04346822771614122,-1.0,0.8684202101078284,0.1906191978611429,3.2696106806870216e-08,0.7604343455645042,0.7165129910255812,0.0,0.0
1ea9cb8b8fbdb9515d692149f40d39d114b2957ac403d311eb111acfebdb325327558653fd77cd0df2f1a21d7d0dc0dad560e132d47bc2c738554099e167f0b19404a584826d90569e509b307a499801d1a9c05e9f74910bf10b77b3bd9edaadb0de14ed25e9a96a2f330d26e5f14a5c168bfaa401aa775819e53e001822c99ae462244622f547d2f3d1de13e51caca84b4025f50a30968e346d71ead3fe485c3ebcdecd576d4d74431c6d6c8af20ea6d2d90e20cfa7f1158a8ee8aed60034022c3e2f521ddc06c87d1be1023be71274313bf1f1c3c43e56726fd86aac1634577e6cfa673915c00a212d8d90f7854362fe0734efb7bc4ff82934f74280d2f3aba1a011d3a83ae981f5d76d2cffec69d77ff7c7374d05276297f9ab75404f7aabefbbad7426c49c55b973244bfb902a294749042bdcde3edb1d1f79347e402630e185a5ba898cc65efc1d26d7a834a2608c205b36d8f7301eb828bdbe3740af93a86f7820c7b0fbc171169eb0b5ccf25243f58656eed6f5a388d89476ed10da4637a6e4d90a887067e887f9427fa30925979b51a6c33b2ae5969e8170341c1dd6b1bf758758d6a91ffc6882193a9deaff0e6b9384361e8c15bc857527bd1bde63b063849592624d3696c5be704e4674172100c270e5e58a9170f4ed3098c15dcc47d6f7ecd3908810fd486124a0ce583b29e297bf018da3b97a465ebe3cddf549,d8960556e1f5e7c377d8e1166d22b544b3f84dd60f85020a1cda5777d576d4caeb8e1a8d52e5f2f25c2d3d25e9dea2ccffd892ff90823de5ccaf3ddf144030d4f1a51bb02a8166dab1ecf3b9e7ffaec9201218720a1ff46a26076fe815118a7925f0a1219c76b54a7f4ff1d77af412226a293db7d847377b43ad404a7cbb2a7021699d003391794e40c30c9bb28cb8ffecc152ba167da964f773d437b292c40ec28df44f76bd85bb796cf52f267daede59426f8d6e8c58b5d44cd5a304f5e136c12f275975587bd0ae9f3ff252d8f31c16c20d9eb34fbf44225984fe5275cf43cacebe95c1ff8ab38b3eeb467e649b8f334d6d36edf98b1a7d635432d39faa63eeafd9c181faa38550484ef4b56dbc44370478c709ec3cecae13f91c814c45f4265d6586a72395799a1d62f7e7ddfab83a17077c22d78e574827df24f51a3f4fce28131435eeb9248a956285e91dcc3329894472580a47ed09f7ac7b069fe4ab210999b7535978c1ac7ebdddac01575ee401aa584499b5b0d69d8ca70454afeb47f42889a6d7bcb628959e5bff8c083a7fa5779f26074a9cb36e604ec6ee05d82a2f652b3b8779fc994c3c4ed706d0edb11a23b4eaeab1d5b3e21cbf0bbd5e5b5b88b0359708ac2ea92c2a7e947cfb7848fbd113fa8f3d8947a0e47331e4d4269dcdd64d50e72145d4b270f3d447ec0efa6ae354f66900f2773a3d98616b4aa4,RC4,0.031064149206057712,0.6801358408493827,0.31187524567624036,0.25100886442255216,0.2315992852437231,0.8409028448739008,0.8503172566714752,0.19351587329208803,-1.0,0.17355422685316182,0.8826987088580018,4.646517641673287e-08,0.046948706129590304,0.046948706129590304,0.0,17.0
